id,first_name,last_name,email,gender
1,Irv,Genty,igenty0@wired.com,Male
2,Karlie,Daggett,kdaggett1@parallels.com,Female
3,Katina,Yeatman,kyeatman2@blog.com,Female
4,Timmie,Paling,tpaling3@webmd.com,Male
5,Lorrayne,Bleything,lbleything4@chron.com,Female
6,Loy,Cayette,lcayette5@newyorker.com,Male
7,Ema,Fiske,efiske6@howstuffworks.com,Female
8,Moritz,Draaisma,mdraaisma7@marriott.com,Male
9,Phillipp,Oppery,poppery8@macromedia.com,Male
10,Nanete,Crosfield,ncrosfield9@forbes.com,Female
11,Graig,Kick,gkicka@mac.com,Male
12,Moreen,Ivamy,mivamyb@salon.com,Female
13,Gabrielle,McGraw,gmcgrawc@ycombinator.com,Female
14,Sophey,Allred,sallredd@timesonline.co.uk,Female
15,Eldredge,Puller,epullere@nymag.com,Male
16,Annora,Rao,araof@nymag.com,Female
17,Dario,Gee,dgeeg@cdc.gov,Male
18,Isaac,Collymore,icollymoreh@miitbeian.gov.cn,Male
19,Benetta,Thunnercliff,bthunnercliffi@dion.ne.jp,Female
20,Emanuel,Kimmitt,ekimmittj@mapy.cz,Male
21,Claudell,Youde,cyoudek@nytimes.com,Male
22,Rosabelle,Trippick,rtrippickl@twitter.com,Female
23,Netta,Schimank,nschimankm@msu.edu,Female
24,Scotti,Wahner,swahnern@state.tx.us,Male
25,Belita,Burdass,bburdasso@huffingtonpost.com,Female
26,Cherye,Penrith,cpenrithp@zdnet.com,Female
27,Etheline,Spyby,espybyq@apple.com,Female
28,Ianthe,Bickley,ibickleyr@reverbnation.com,Female
29,Serge,Driffill,sdriffills@cisco.com,Male
30,Gamaliel,Vearnals,gvearnalst@reverbnation.com,Male
31,Benyamin,Keveren,bkeverenu@a8.net,Male
32,Harmonia,Bagnall,hbagnallv@dion.ne.jp,Female
33,Farris,Winpenny,fwinpennyw@apache.org,Male
34,Amaleta,Clifton,acliftonx@pen.io,Female
35,Sydney,Yggo,syggoy@dot.gov,Female
36,Shana,Bamblett,sbamblettz@blogs.com,Female
37,Radcliffe,Rochell,rrochell10@multiply.com,Male
38,Jarrod,Petrosian,jpetrosian11@tinyurl.com,Male
39,Terrijo,Skin,tskin12@twitter.com,Female
40,Ann-marie,Wevell,awevell13@last.fm,Female
41,Ailene,Ivshin,aivshin14@prweb.com,Female
42,Michele,Batting,mbatting15@aboutads.info,Female
43,Olivie,Covert,ocovert16@paginegialle.it,Female
44,Teddy,MacFadden,tmacfadden17@wired.com,Female
45,Eb,Winchcomb,ewinchcomb18@t-online.de,Male
46,Georgia,Waitland,gwaitland19@usgs.gov,Female
47,Ive,Connechie,iconnechie1a@amazon.com,Male
48,Skell,Itshak,sitshak1b@reuters.com,Male
49,Giffie,Frier,gfrier1c@ask.com,Male
50,Frank,Billington,fbillington1d@ftc.gov,Male
51,Sileas,Dumingo,sdumingo1e@ebay.com,Female
52,Leanor,Durrans,ldurrans1f@digg.com,Female
53,Zeb,Gabbotts,zgabbotts1g@etsy.com,Male
54,Broderick,Ginglell,bginglell1h@buzzfeed.com,Male
55,Antoine,Galletley,agalletley1i@scribd.com,Male
56,Barret,Workes,bworkes1j@hatena.ne.jp,Male
57,Rafaelia,Kenford,rkenford1k@cloudflare.com,Female
58,Freeman,Henker,fhenker1l@dell.com,Male
59,Kayley,McCloud,kmccloud1m@twitpic.com,Female
60,Walton,Hebborne,whebborne1n@fda.gov,Male
61,Annabell,Pennicard,apennicard1o@ed.gov,Female
62,Annabelle,Hubbocks,ahubbocks1p@virginia.edu,Female
63,Gan,Youthed,gyouthed1q@wordpress.org,Male
64,Warren,Rhule,wrhule1r@wunderground.com,Male
65,Arnie,Mathewes,amathewes1s@sourceforge.net,Male
66,Briggs,Brigg,bbrigg1t@oracle.com,Male
67,Dew,Harden,dharden1u@whitehouse.gov,Male
68,Ketty,Buckhurst,kbuckhurst1v@creativecommons.org,Female
69,Lorain,Baumann,lbaumann1w@cnn.com,Female
70,Ravid,Tavinor,rtavinor1x@zdnet.com,Male
71,Caritta,Hobble,chobble1y@ovh.net,Female
72,Alden,MacKettrick,amackettrick1z@forbes.com,Male
73,Lilyan,Musgrave,lmusgrave20@va.gov,Female
74,Arielle,Cosgrove,acosgrove21@usatoday.com,Female
75,Drusilla,Eliot,deliot22@phoca.cz,Female
76,Donielle,Caff,dcaff23@biblegateway.com,Female
77,Wallace,Snepp,wsnepp24@rediff.com,Male
78,Marge,Yesenin,myesenin25@eepurl.com,Female
79,Rollo,Panks,rpanks26@utexas.edu,Male
80,Gabriellia,Castelyn,gcastelyn27@businessweek.com,Female
81,Marylynne,Maddy,mmaddy28@wikipedia.org,Female
82,Donaugh,Ketchen,dketchen29@deviantart.com,Male
83,Junette,Reddick,jreddick2a@sbwire.com,Female
84,Hyacinthe,Kenan,hkenan2b@paginegialle.it,Female
85,Mendel,Ronayne,mronayne2c@comcast.net,Male
86,Tadd,Astlatt,tastlatt2d@sphinn.com,Male
87,Jilli,Gilston,jgilston2e@360.cn,Female
88,Gary,Taplin,gtaplin2f@hibu.com,Male
89,Jeannette,Oxbie,joxbie2g@seattletimes.com,Female
90,Zora,Simkiss,zsimkiss2h@twitpic.com,Female
91,Reagan,Woolf,rwoolf2i@census.gov,Male
92,Perry,Spittall,pspittall2j@dyndns.org,Male
93,Ransell,Castillo,rcastillo2k@desdev.cn,Male
94,Noel,Bampforth,nbampforth2l@bizjournals.com,Female
95,Roanne,Wilshin,rwilshin2m@unicef.org,Female
96,Hatty,Widd,hwidd2n@hibu.com,Female
97,Christoforo,Ramsbotham,cramsbotham2o@yahoo.com,Male
98,Sauveur,Dictus,sdictus2p@ow.ly,Male
99,Moses,O'Brogane,mobrogane2q@about.me,Male
100,Ced,Bredbury,cbredbury2r@parallels.com,Male
101,Chico,Hogbourne,chogbourne2s@nba.com,Male
102,Haley,Gottelier,hgottelier2t@umich.edu,Female
103,Dareen,Axcel,daxcel2u@dyndns.org,Female
104,Garik,Presser,gpresser2v@fc2.com,Male
105,Emily,Mapplebeck,emapplebeck2w@twitpic.com,Female
106,Adelle,Farn,afarn2x@admin.ch,Female
107,Andra,Dannel,adannel2y@omniture.com,Female
108,Karie,Rampton,krampton2z@e-recht24.de,Female
109,Kerianne,Spinney,kspinney30@timesonline.co.uk,Female
110,Demott,Boothe,dboothe31@ihg.com,Male
111,Juliane,Loughton,jloughton32@vinaora.com,Female
112,Cleveland,Odney,codney33@cisco.com,Male
113,Christy,Thal,cthal34@japanpost.jp,Male
114,Aura,Paget,apaget35@xing.com,Female
115,Bethina,Jarman,bjarman36@jugem.jp,Female
116,Austina,MacLaughlin,amaclaughlin37@google.com.au,Female
117,Correy,Ladd,cladd38@latimes.com,Male
118,Amargo,Strodder,astrodder39@sciencedaily.com,Female
119,Harriett,Pridgeon,hpridgeon3a@statcounter.com,Female
120,Blaine,Basill,bbasill3b@opensource.org,Male
121,Edyth,Bunson,ebunson3c@ebay.co.uk,Female
122,Vance,Jerzycowski,vjerzycowski3d@canalblog.com,Male
123,Giulio,Jantet,gjantet3e@whitehouse.gov,Male
124,Edsel,Twinn,etwinn3f@scribd.com,Male
125,Micaela,Rides,mrides3g@deviantart.com,Female
126,Margarette,Rolfe,mrolfe3h@bbc.co.uk,Female
127,Ralf,Maynell,rmaynell3i@imdb.com,Male
128,Eleonore,Ansty,eansty3j@w3.org,Female
129,Ediva,Christofe,echristofe3k@google.ru,Female
130,Manon,Cufflin,mcufflin3l@bigcartel.com,Female
131,Wilmar,Koche,wkoche3m@sciencedaily.com,Male
132,Anna-diane,von Hagt,avonhagt3n@whitehouse.gov,Female
133,Kendell,Pelling,kpelling3o@ftc.gov,Male
134,Ezra,Bexley,ebexley3p@cbslocal.com,Male
135,Ediva,Pitkin,epitkin3q@rambler.ru,Female
136,Darbie,Gavaghan,dgavaghan3r@ftc.gov,Female
137,Burgess,McGibbon,bmcgibbon3s@vimeo.com,Male
138,Wilow,Routledge,wroutledge3t@desdev.cn,Female
139,Concordia,Swannick,cswannick3u@washingtonpost.com,Female
140,Theo,Shelvey,tshelvey3v@businesswire.com,Male
141,Sandy,Newdick,snewdick3w@apache.org,Female
142,Corbie,Leschelle,cleschelle3x@dell.com,Male
143,Niel,Dwelley,ndwelley3y@phoca.cz,Male
144,Win,Drieu,wdrieu3z@posterous.com,Male
145,Syman,Statter,sstatter40@phpbb.com,Male
146,Nicholas,Sturman,nsturman41@netlog.com,Male
147,Anne-corinne,Fright,afright42@forbes.com,Female
148,Orran,Phythian,ophythian43@last.fm,Male
149,Elnore,Mazey,emazey44@rediff.com,Female
150,Leighton,Bennitt,lbennitt45@geocities.com,Male
151,Trent,Strangeways,tstrangeways46@rambler.ru,Male
152,Josias,Clemetts,jclemetts47@so-net.ne.jp,Male
153,Madelaine,Pawlata,mpawlata48@cbc.ca,Female
154,Pavla,Grimmolby,pgrimmolby49@weibo.com,Female
155,Huntington,Jowsey,hjowsey4a@google.de,Male
156,Eben,Bourhill,ebourhill4b@senate.gov,Male
157,Dinny,Sawkins,dsawkins4c@ustream.tv,Female
158,Kissie,Easby,keasby4d@webnode.com,Female
159,Alberik,McPeeters,amcpeeters4e@constantcontact.com,Male
160,Bob,Daulton,bdaulton4f@de.vu,Male
161,Waite,Mulroy,wmulroy4g@xrea.com,Male
162,Emelia,Vautin,evautin4h@wikia.com,Female
163,Tedmund,Menaul,tmenaul4i@drupal.org,Male
164,Matthieu,Brigman,mbrigman4j@prweb.com,Male
165,Davide,Breed,dbreed4k@bizjournals.com,Male
166,Jobi,Huke,jhuke4l@plala.or.jp,Female
167,Lionel,Kimmerling,lkimmerling4m@gmpg.org,Male
168,Broddy,De Filippo,bdefilippo4n@phpbb.com,Male
169,Romonda,Betjeman,rbetjeman4o@upenn.edu,Female
170,Avrom,Dulson,adulson4p@ow.ly,Male
171,Ricki,Vannet,rvannet4q@about.me,Female
172,Kennith,Dance,kdance4r@booking.com,Male
173,Anson,Cheeke,acheeke4s@buzzfeed.com,Male
174,Zsazsa,Handy,zhandy4t@smugmug.com,Female
175,Sybil,Buck,sbuck4u@cafepress.com,Female
176,Gallard,Decaze,gdecaze4v@goodreads.com,Male
177,Garnet,Stack,gstack4w@flickr.com,Female
178,Meredith,Doddridge,mdoddridge4x@smugmug.com,Female
179,Wylie,Gerleit,wgerleit4y@elegantthemes.com,Male
180,Elaine,Itscovitz,eitscovitz4z@vistaprint.com,Female
181,Lanae,Birdfield,lbirdfield50@alexa.com,Female
182,Delilah,Archanbault,darchanbault51@ucoz.com,Female
183,Jacky,Leyninye,jleyninye52@example.com,Male
184,Gearard,Schoenleiter,gschoenleiter53@salon.com,Male
185,Chip,Karchowski,ckarchowski54@yelp.com,Male
186,Keene,Ruskin,kruskin55@xrea.com,Male
187,Levon,Dadge,ldadge56@sbwire.com,Male
188,Lucretia,Hedges,lhedges57@army.mil,Female
189,Agnella,Sterry,asterry58@cafepress.com,Female
190,Cletis,Roskelley,croskelley59@economist.com,Male
191,Lana,Strewther,lstrewther5a@skype.com,Female
192,Mady,Rockhill,mrockhill5b@cnet.com,Female
193,Jerrylee,Simoneton,jsimoneton5c@dropbox.com,Female
194,Ruperto,Pollastro,rpollastro5d@umn.edu,Male
195,Bill,Foulkes,bfoulkes5e@wired.com,Female
196,Lulita,Aviss,laviss5f@ftc.gov,Female
197,Brennan,Row,brow5g@shinystat.com,Male
198,Nikolos,Lydiate,nlydiate5h@pagesperso-orange.fr,Male
199,Maridel,Masser,mmasser5i@goo.ne.jp,Female
200,Aaron,Bricksey,abricksey5j@marketwatch.com,Male
201,Morie,Simonou,msimonou5k@sohu.com,Male
202,Edgardo,MacDonagh,emacdonagh5l@archive.org,Male
203,Tootsie,Espasa,tespasa5m@ebay.com,Female
204,Towny,McAlester,tmcalester5n@salon.com,Male
205,Patsy,Simonetto,psimonetto5o@amazonaws.com,Female
206,Anatol,Pluck,apluck5p@salon.com,Male
207,Meridel,Cowely,mcowely5q@jigsy.com,Female
208,Teodoro,Tinline,ttinline5r@360.cn,Male
209,Selina,Bonhill,sbonhill5s@utexas.edu,Female
210,Abbott,Sharrocks,asharrocks5t@youtube.com,Male
211,Travus,Bentham3,tbentham5u@slashdot.org,Male
212,Justin,Kinahan,jkinahan5v@slideshare.net,Male
213,Oswell,Basili,obasili5w@toplist.cz,Male
214,Aubert,Mossman,amossman5x@bing.com,Male
215,Holly-anne,Holdin,hholdin5y@java.com,Female
216,Glyn,Longhorne,glonghorne5z@multiply.com,Male
217,Brandon,Truss,btruss60@biblegateway.com,Male
218,Saundra,Marran,smarran61@indiatimes.com,Female
219,Gaylord,Goter,ggoter62@dell.com,Male
220,Blancha,Matchett,bmatchett63@businessinsider.com,Female
221,Paten,Lamswood,plamswood64@netscape.com,Male
222,Myrtie,Parram,mparram65@latimes.com,Female
223,Berta,Badcock,bbadcock66@angelfire.com,Female
224,Adiana,Belfield,abelfield67@blogtalkradio.com,Female
225,Betteann,Goly,bgoly68@ucla.edu,Female
226,Kiel,Jenkerson,kjenkerson69@canalblog.com,Male
227,Brooks,Threadgold,bthreadgold6a@chicagotribune.com,Male
228,Hanna,Garnham,hgarnham6b@t.co,Female
229,Alexandros,Smail,asmail6c@smugmug.com,Male
230,Carlen,Stodart,cstodart6d@seattletimes.com,Female
231,Anestassia,Devereux,adevereux6e@google.fr,Female
232,Israel,Doblin,idoblin6f@squidoo.com,Male
233,Sumner,Flageul,sflageul6g@tiny.cc,Male
234,Faye,Jeynes,fjeynes6h@jigsy.com,Female
235,Emogene,Phlipon,ephlipon6i@columbia.edu,Female
236,Kylie,Thowless,kthowless6j@wsj.com,Female
237,Vonny,Caldron,vcaldron6k@howstuffworks.com,Female
238,Nat,Torresi,ntorresi6l@oaic.gov.au,Male
239,Hilliard,Wealleans,hwealleans6m@ebay.com,Male
240,Leonard,Dymond,ldymond6n@dedecms.com,Male
241,Alexio,Gibbie,agibbie6o@ustream.tv,Male
242,Lorry,Bertelet,lbertelet6p@deviantart.com,Male
243,Forest,Tieraney,ftieraney6q@ftc.gov,Male
244,Lennie,Hanford,lhanford6r@skyrock.com,Male
245,Joshuah,Margiotta,jmargiotta6s@usnews.com,Male
246,Joline,Sircomb,jsircomb6t@seesaa.net,Female
247,Cathrine,Feaviour,cfeaviour6u@artisteer.com,Female
248,Pierson,Ratazzi,pratazzi6v@forbes.com,Male
249,Jorey,Cannell,jcannell6w@github.com,Female
250,Frayda,Garlette,fgarlette6x@indiegogo.com,Female
251,Newton,Swaile,nswaile6y@nymag.com,Male
252,Rosina,Clemo,rclemo6z@engadget.com,Female
253,Gifford,Matthews,gmatthews70@ftc.gov,Male
254,Monty,McDade,mmcdade71@bravesites.com,Male
255,Ezekiel,Bluett,ebluett72@taobao.com,Male
256,Christye,Mulligan,cmulligan73@e-recht24.de,Female
257,Tine,Brumhead,tbrumhead74@examiner.com,Female
258,Auberon,Tamburi,atamburi75@xinhuanet.com,Male
259,Marley,Raubenheimer,mraubenheimer76@theatlantic.com,Female
260,Shane,Dalinder,sdalinder77@who.int,Male
261,Wat,Herrieven,wherrieven78@merriam-webster.com,Male
262,Debbie,Presidey,dpresidey79@themeforest.net,Female
263,Lalo,Langhorne,llanghorne7a@last.fm,Male
264,Ailey,Zanioletti,azanioletti7b@foxnews.com,Female
265,Cori,Nevins,cnevins7c@harvard.edu,Male
266,Byram,MacDonnell,bmacdonnell7d@blinklist.com,Male
267,Upton,O'Cannavan,uocannavan7e@businesswire.com,Male
268,Bibi,MacVean,bmacvean7f@twitpic.com,Female
269,Zack,Shotboult,zshotboult7g@telegraph.co.uk,Male
270,Kamila,Diggle,kdiggle7h@paypal.com,Female
271,Isabelita,Moresby,imoresby7i@ifeng.com,Female
272,Joyan,Stallon,jstallon7j@booking.com,Female
273,Fransisco,Chazette,fchazette7k@nba.com,Male
274,Sumner,Mercik,smercik7l@t.co,Male
275,Gayler,Eldred,geldred7m@woothemes.com,Male
276,Mathian,Akers,makers7n@newyorker.com,Male
277,Russ,Pirrie,rpirrie7o@wufoo.com,Male
278,Darcey,Mattocks,dmattocks7p@timesonline.co.uk,Female
279,Mia,Regnard,mregnard7q@stanford.edu,Female
280,Dona,Duham,dduham7r@yelp.com,Female
281,Shandra,Verden,sverden7s@google.ca,Female
282,Lorilee,Hindenberger,lhindenberger7t@spotify.com,Female
283,Corrina,Canner,ccanner7u@ox.ac.uk,Female
284,Mike,McMillian,mmcmillian7v@cdbaby.com,Male
285,Pippa,Tomsa,ptomsa7w@spotify.com,Female
286,Derrick,Morrant,dmorrant7x@reuters.com,Male
287,Saleem,Rocks,srocks7y@vistaprint.com,Male
288,Benedict,Graver,bgraver7z@alexa.com,Male
289,Harwilll,Plum,hplum80@sciencedirect.com,Male
290,Mead,Waddie,mwaddie81@elegantthemes.com,Female
291,Duky,Scaddon,dscaddon82@boston.com,Male
292,Dennison,Messier,dmessier83@163.com,Male
293,Annalee,Sellars,asellars84@ow.ly,Female
294,Barbabra,Le Blond,bleblond85@meetup.com,Female
295,Cassandra,Ewell,cewell86@unc.edu,Female
296,Alfy,Klaas,aklaas87@noaa.gov,Male
297,Brig,Bellward,bbellward88@symantec.com,Male
298,Del,Stirgess,dstirgess89@tiny.cc,Female
299,Loni,Huckleby,lhuckleby8a@ca.gov,Female
300,Drew,Woehler,dwoehler8b@newyorker.com,Male
301,Cristine,Penn,cpenn8c@livejournal.com,Female
302,George,Toretta,gtoretta8d@geocities.com,Female
303,Arda,Bourgourd,abourgourd8e@issuu.com,Female
304,Robbyn,Betteney,rbetteney8f@qq.com,Female
305,Zebedee,Allone,zallone8g@mapy.cz,Male
306,Hoyt,Laxtonne,hlaxtonne8h@noaa.gov,Male
307,Ludovika,Ledingham,lledingham8i@answers.com,Female
308,Jeramey,Sizey,jsizey8j@behance.net,Male
309,Anna-diane,Sinnat,asinnat8k@examiner.com,Female
310,Denni,Floyd,dfloyd8l@liveinternet.ru,Female
311,Martainn,Vampouille,mvampouille8m@paginegialle.it,Male
312,Royal,Mounsie,rmounsie8n@mozilla.org,Male
313,Yolanda,Ellett,yellett8o@hugedomains.com,Female
314,Maxie,Dreinan,mdreinan8p@canalblog.com,Male
315,Ashely,Paolinelli,apaolinelli8q@state.tx.us,Female
316,Lorie,Mainland,lmainland8r@guardian.co.uk,Female
317,Durante,Reding,dreding8s@sphinn.com,Male
318,Eddy,Rollings,erollings8t@engadget.com,Female
319,Delaney,Beddo,dbeddo8u@nytimes.com,Male
320,Marcia,Greasley,mgreasley8v@phoca.cz,Female
321,Charlot,Corroyer,ccorroyer8w@sun.com,Female
322,Cherilynn,Tyt,ctyt8x@myspace.com,Female
323,Henderson,Cuttin,hcuttin8y@privacy.gov.au,Male
324,Cassandry,Brettle,cbrettle8z@imageshack.us,Female
325,Rhoda,Tempest,rtempest90@auda.org.au,Female
326,Job,McKaile,jmckaile91@tumblr.com,Male
327,Urbanus,Neve,uneve92@sphinn.com,Male
328,Lorri,Micklewicz,lmicklewicz93@businessweek.com,Female
329,Gram,Vasilic,gvasilic94@kickstarter.com,Male
330,Marsh,Punch,mpunch95@goo.ne.jp,Male
331,Sharity,Rottery,srottery96@tmall.com,Female
332,Kaycee,Cudbird,kcudbird97@over-blog.com,Female
333,Holly-anne,De Andreis,hdeandreis98@linkedin.com,Female
334,Lisabeth,Tosspell,ltosspell99@berkeley.edu,Female
335,Austin,Bollands,abollands9a@instagram.com,Female
336,Dasya,Parrot,dparrot9b@about.me,Female
337,Zacharias,Culley,zculley9c@auda.org.au,Male
338,Selina,Cadogan,scadogan9d@mail.ru,Female
339,Alexandra,Kidman,akidman9e@smugmug.com,Female
340,Forrest,Dreng,fdreng9f@pen.io,Male
341,Alfie,Rozycki,arozycki9g@e-recht24.de,Male
342,Mufinella,Yter,myter9h@stanford.edu,Female
343,Esmeralda,Coper,ecoper9i@timesonline.co.uk,Female
344,Massimiliano,Godbert,mgodbert9j@miitbeian.gov.cn,Male
345,Kent,Truran,ktruran9k@pcworld.com,Male
346,Aggy,Yitzovicz,ayitzovicz9l@howstuffworks.com,Female
347,Catie,Weigh,cweigh9m@xinhuanet.com,Female
348,Andros,Mathen,amathen9n@mit.edu,Male
349,Farleigh,Kiebes,fkiebes9o@toplist.cz,Male
350,Abey,Burle,aburle9p@usgs.gov,Male
351,Wilmar,Bruckman,wbruckman9q@mapquest.com,Male
352,Mela,MacKnight,mmacknight9r@indiatimes.com,Female
353,Starlene,Lowson,slowson9s@tinypic.com,Female
354,Wilburt,Eastment,weastment9t@paypal.com,Male
355,Dino,Horrod,dhorrod9u@angelfire.com,Male
356,Krystyna,Grimmert,kgrimmert9v@indiegogo.com,Female
357,Cynthy,Kleeborn,ckleeborn9w@tinyurl.com,Female
358,Filippa,Seery,fseery9x@cbslocal.com,Female
359,Vernor,Rushe,vrushe9y@unesco.org,Male
360,Ludvig,Coie,lcoie9z@discuz.net,Male
361,Kirby,Grunnell,kgrunnella0@webnode.com,Male
362,Baily,Howland,bhowlanda1@amazon.co.uk,Male
363,Stacey,Beneze,sbenezea2@ucoz.com,Female
364,Raimondo,Hazelby,rhazelbya3@mit.edu,Male
365,Kareem,Blodg,kblodga4@plala.or.jp,Male
366,Sandor,Ranking,srankinga5@bloglovin.com,Male
367,Orelia,Lindeberg,olindeberga6@japanpost.jp,Female
368,Allistir,Woolstenholmes,awoolstenholmesa7@jigsy.com,Male
369,Leanor,Elves,lelvesa8@globo.com,Female
370,Ado,Jzak,ajzaka9@biglobe.ne.jp,Male
371,Prentiss,Sollett,psollettaa@mtv.com,Male
372,Roosevelt,Heinish,rheinishab@trellian.com,Male
373,Evangeline,Ginglell,eginglellac@bluehost.com,Female
374,Robbi,Coal,rcoalad@studiopress.com,Female
375,Michel,Cauderlie,mcauderlieae@home.pl,Male
376,Munmro,Huster,mhusteraf@comsenz.com,Male
377,Aldous,Cotterell,acotterellag@ihg.com,Male
378,Robbert,Halladey,rhalladeyah@bizjournals.com,Male
379,Moss,Dallander,mdallanderai@multiply.com,Male
380,Barrie,Tomsa,btomsaaj@arizona.edu,Female
381,Jeralee,Slad,jsladak@washington.edu,Female
382,Brad,De'Ath,bdeathal@cocolog-nifty.com,Male
383,Alyda,Cersey,acerseyam@networksolutions.com,Female
384,Janos,Avent,javentan@chronoengine.com,Male
385,Darbie,Petriello,dpetrielloao@hugedomains.com,Female
386,Eugine,Shulver,eshulverap@phoca.cz,Female
387,Sydney,Semiras,ssemirasaq@thetimes.co.uk,Male
388,Skipper,Cleminshaw,scleminshawar@dmoz.org,Male
389,Terrill,Corbett,tcorbettas@wunderground.com,Male
390,Clarisse,Pineaux,cpineauxat@bandcamp.com,Female
391,Raye,Mersh,rmershau@cbslocal.com,Female
392,Carolina,Mossbee,cmossbeeav@forbes.com,Female
393,Bette,Glide,bglideaw@weebly.com,Female
394,Coraline,Farr,cfarrax@dmoz.org,Female
395,Crystal,Marginson,cmarginsonay@java.com,Female
396,Luciano,Whife,lwhifeaz@discovery.com,Male
397,Luciano,Soal,lsoalb0@amazon.de,Male
398,Ignace,Jerzak,ijerzakb1@opensource.org,Male
399,Onida,Styche,ostycheb2@phpbb.com,Female
400,Brigid,Wand,bwandb3@storify.com,Female
401,Vite,Tomaszynski,vtomaszynskib4@gov.uk,Male
402,Rhiamon,Gerdes,rgerdesb5@omniture.com,Female
403,Didi,Fold,dfoldb6@ehow.com,Female
404,Devlin,O'Brien,dobrienb7@amazon.co.uk,Male
405,Shaylynn,Osman,sosmanb8@domainmarket.com,Female
406,Felipa,Bowery,fboweryb9@shareasale.com,Female
407,Catherine,Llorens,cllorensba@gov.uk,Female
408,Maribel,Ritch,mritchbb@columbia.edu,Female
409,Oliy,Jurczyk,ojurczykbc@tumblr.com,Female
410,Terrill,Denial,tdenialbd@cmu.edu,Male
411,Nathalie,Issacoff,nissacoffbe@moonfruit.com,Female
412,Charita,Readwing,creadwingbf@who.int,Female
413,Maurita,Cluney,mcluneybg@bbc.co.uk,Female
414,Pattie,Brose,pbrosebh@ovh.net,Male
415,Maybelle,Bielfelt,mbielfeltbi@time.com,Female
416,Orelia,Hendonson,ohendonsonbj@home.pl,Female
417,Mariquilla,Denziloe,mdenziloebk@alexa.com,Female
418,Obie,Dobrovolny,odobrovolnybl@dedecms.com,Male
419,Lishe,Nern,lnernbm@squarespace.com,Female
420,Amabel,Camosso,acamossobn@diigo.com,Female
421,Dee,Ebbins,debbinsbo@apple.com,Female
422,Geno,Hair,ghairbp@time.com,Male
423,Junia,Vayro,jvayrobq@timesonline.co.uk,Female
424,Rosina,Keightley,rkeightleybr@disqus.com,Female
425,Cherice,Robertucci,crobertuccibs@whitehouse.gov,Female
426,Benny,Pendock,bpendockbt@cbsnews.com,Male
427,Chris,Alvares,calvaresbu@cargocollective.com,Male
428,Georgianna,McCutcheon,gmccutcheonbv@bluehost.com,Female
429,Estella,Feavers,efeaversbw@bluehost.com,Female
430,Shermy,Nisco,sniscobx@independent.co.uk,Male
431,Kevon,Gyngell,kgyngellby@state.gov,Male
432,Kailey,Clawsley,kclawsleybz@blogs.com,Female
433,Vito,Darbyshire,vdarbyshirec0@uol.com.br,Male
434,Anselm,Jellman,ajellmanc1@multiply.com,Male
435,Ansell,Learmonth,alearmonthc2@scribd.com,Male
436,Rhianna,Pointer,rpointerc3@163.com,Female
437,Gretna,Staite,gstaitec4@usa.gov,Female
438,Lane,Tallon,ltallonc5@army.mil,Male
439,Pegeen,Blasius,pblasiusc6@dyndns.org,Female
440,Devina,Whittock,dwhittockc7@people.com.cn,Female
441,Benyamin,Fenech,bfenechc8@cafepress.com,Male
442,Livvie,Godmer,lgodmerc9@boston.com,Female
443,Findley,Jepps,fjeppsca@craigslist.org,Male
444,Kirby,Currie,kcurriecb@people.com.cn,Male
445,Jay,Cartwight,jcartwightcc@wikimedia.org,Male
446,Marianna,Gager,mgagercd@europa.eu,Female
447,Robby,Lorraine,rlorrainece@forbes.com,Male
448,Whitby,Salan,wsalancf@vinaora.com,Male
449,Karlie,Hully,khullycg@guardian.co.uk,Female
450,Sara,Brotherheed,sbrotherheedch@mysql.com,Female
451,Gill,Doudny,gdoudnyci@meetup.com,Female
452,Christian,Ferrieres,cferrierescj@msu.edu,Female
453,Tonye,Lacroix,tlacroixck@patch.com,Female
454,Arlee,Almon,aalmoncl@tamu.edu,Female
455,Marcellus,Wellan,mwellancm@senate.gov,Male
456,Nada,Jaye,njayecn@cargocollective.com,Female
457,Elke,Stubbe,estubbeco@aol.com,Female
458,Portia,Bussons,pbussonscp@skyrock.com,Female
459,Tito,Roe,troecq@free.fr,Male
460,Emalee,Lewing,elewingcr@bluehost.com,Female
461,Chancey,Twiddle,ctwiddlecs@wisc.edu,Male
462,Tynan,Gildersleeve,tgildersleevect@slideshare.net,Male
463,Perkin,Greschik,pgreschikcu@blog.com,Male
464,Isacco,Grummitt,igrummittcv@ebay.com,Male
465,Elberta,Lace,elacecw@salon.com,Female
466,Boony,McCuish,bmccuishcx@google.co.jp,Male
467,Torrin,Skeath,tskeathcy@ocn.ne.jp,Male
468,Bertha,Beck,bbeckcz@sakura.ne.jp,Female
469,Rosalie,Jaycock,rjaycockd0@wikimedia.org,Female
470,Tadeo,Biesinger,tbiesingerd1@scribd.com,Male
471,Courtney,Whittier,cwhittierd2@pinterest.com,Male
472,Lorenzo,Caudle,lcaudled3@yellowbook.com,Male
473,Ardelle,Huncote,ahuncoted4@prnewswire.com,Female
474,Jessalyn,Cawdery,jcawderyd5@deliciousdays.com,Female
475,Evyn,Grigoliis,egrigoliisd6@sogou.com,Male
476,Jordon,Grubey,jgrubeyd7@mtv.com,Male
477,Gwendolen,Diboll,gdibolld8@youku.com,Female
478,Anatollo,Handrok,ahandrokd9@seattletimes.com,Male
479,Gino,Le Jean,glejeanda@bandcamp.com,Male
480,Barr,Barchrameev,bbarchrameevdb@typepad.com,Male
481,Em,Carnall,ecarnalldc@moonfruit.com,Male
482,Jackelyn,Gheorghie,jgheorghiedd@shutterfly.com,Female
483,Dion,Anersen,danersende@bloglovin.com,Male
484,Shannan,Pitcher,spitcherdf@list-manage.com,Male
485,Abby,Shillaber,ashillaberdg@unicef.org,Male
486,Sayers,Hanhardt,shanhardtdh@ibm.com,Male
487,Willis,Pococke,wpocockedi@blogspot.com,Male
488,Rouvin,Balle,rballedj@imgur.com,Male
489,Miguela,Linfitt,mlinfittdk@nih.gov,Female
490,Edvard,Goeff,egoeffdl@boston.com,Male
491,Jordan,Wattinham,jwattinhamdm@mac.com,Male
492,Emmalynne,Pothergill,epothergilldn@shutterfly.com,Female
493,Coralie,Anthoine,canthoinedo@typepad.com,Female
494,Jamaal,Vanyakin,jvanyakindp@tmall.com,Male
495,Arline,Olensby,aolensbydq@nps.gov,Female
496,Russ,Brockbank,rbrockbankdr@dailymotion.com,Male
497,Veda,Slowey,vsloweyds@hao123.com,Female
498,Bernie,Pringour,bpringourdt@guardian.co.uk,Male
499,Armand,Acuna,aacunadu@disqus.com,Male
500,Judas,Weich,jweichdv@canalblog.com,Male
501,Laurena,Hemeret,lhemeretdw@exblog.jp,Female
502,Layney,Robjant,lrobjantdx@umn.edu,Female
503,Elberta,Pillans,epillansdy@kickstarter.com,Female
504,Davidson,Righy,drighydz@sbwire.com,Male
505,Granger,Vicent,gvicente0@wikia.com,Male
506,Mandie,Kerfod,mkerfode1@amazon.co.uk,Female
507,Noby,Laverack,nlaveracke2@telegraph.co.uk,Male
508,Moore,Hugli,mhuglie3@xing.com,Male
509,Mendel,Rushsorth,mrushsorthe4@eepurl.com,Male
510,Bryanty,Hambelton,bhambeltone5@moonfruit.com,Male
511,Fin,Patrono,fpatronoe6@skyrock.com,Male
512,Archaimbaud,Sails,asailse7@kickstarter.com,Male
513,Shaun,Pickle,spicklee8@yolasite.com,Female
514,Zita,Bushill,zbushille9@altervista.org,Female
515,Claiborne,Withnall,cwithnallea@sourceforge.net,Male
516,Elsy,Tansly,etanslyeb@mac.com,Female
517,Kelwin,Adenet,kadenetec@howstuffworks.com,Male
518,Angeline,Aylwin,aaylwined@behance.net,Female
519,Kamilah,Fermor,kfermoree@furl.net,Female
520,Garrek,Kyne,gkyneef@reverbnation.com,Male
521,Rolfe,Strand,rstrandeg@google.co.jp,Male
522,Sylas,Morgen,smorgeneh@facebook.com,Male
523,Lorettalorna,Biaggiotti,lbiaggiottiei@jalbum.net,Female
524,Elaine,Trainor,etrainorej@netlog.com,Female
525,Inglis,MacCourt,imaccourtek@google.ca,Male
526,Phillis,Scutcheon,pscutcheonel@github.com,Female
527,Abbot,Cahn,acahnem@icio.us,Male
528,Dall,Southerton,dsouthertonen@tiny.cc,Male
529,Bobby,Skillern,bskillerneo@alibaba.com,Male
530,Brenden,Buckley,bbuckleyep@yahoo.co.jp,Male
531,Nicolas,Reiglar,nreiglareq@google.com.au,Male
532,Earl,Collin,ecolliner@abc.net.au,Male
533,Stephanus,M'Quhan,smquhanes@google.ca,Male
534,Lucho,Hubber,lhubberet@archive.org,Male
535,Udell,Minear,umineareu@wiley.com,Male
536,Patrizius,Shearmur,pshearmurev@adobe.com,Male
537,Rickie,Jantot,rjantotew@purevolume.com,Male
538,Hilton,Feaver,hfeaverex@macromedia.com,Male
539,Giacinta,Tyhurst,gtyhurstey@shutterfly.com,Female
540,Josy,Dreigher,jdreigherez@samsung.com,Female
541,Mervin,Fearnehough,mfearnehoughf0@jugem.jp,Male
542,Shandra,Cowland,scowlandf1@gmpg.org,Female
543,Clywd,Stribling,cstriblingf2@over-blog.com,Male
544,Conway,Taverner,ctavernerf3@google.com.br,Male
545,Cam,Scading,cscadingf4@google.de,Male
546,Fernande,Von Helmholtz,fvonhelmholtzf5@macromedia.com,Female
547,Mariana,Jephson,mjephsonf6@pcworld.com,Female
548,Noelyn,Wabersinke,nwabersinkef7@thetimes.co.uk,Female
549,Filmore,Bulfit,fbulfitf8@reddit.com,Male
550,Damara,Ondracek,dondracekf9@ihg.com,Female
551,Lauren,Gertray,lgertrayfa@reference.com,Male
552,Rachael,Bricket,rbricketfb@imageshack.us,Female
553,Harry,Japp,hjappfc@lycos.com,Male
554,Dominick,Leavesley,dleavesleyfd@webeden.co.uk,Male
555,Chrisse,Crawcour,ccrawcourfe@yellowpages.com,Male
556,Ardys,Crewe,acreweff@printfriendly.com,Female
557,Lorant,Hoodless,lhoodlessfg@cnet.com,Male
558,Lilah,Han,lhanfh@gnu.org,Female
559,Reinaldo,Durbyn,rdurbynfi@timesonline.co.uk,Male
560,Arlyne,Mollatt,amollattfj@bandcamp.com,Female
561,Enrico,Sandercock,esandercockfk@bloomberg.com,Male
562,Bo,Shears,bshearsfl@paypal.com,Male
563,Melamie,Sheed,msheedfm@homestead.com,Female
564,Evelina,Coviello,ecoviellofn@jigsy.com,Female
565,Justino,Woolbrook,jwoolbrookfo@surveymonkey.com,Male
566,Filmer,Lomond,flomondfp@cloudflare.com,Male
567,Jard,Raffels,jraffelsfq@auda.org.au,Male
568,Dom,Kisbee,dkisbeefr@businessinsider.com,Male
569,Ozzie,Brouwer,obrouwerfs@sina.com.cn,Male
570,Batsheva,Barenski,bbarenskift@networksolutions.com,Female
571,Fielding,Tonkinson,ftonkinsonfu@chron.com,Male
572,Gene,Davidesco,gdavidescofv@shop-pro.jp,Male
573,Shep,Wanklin,swanklinfw@naver.com,Male
574,Alanson,Jewer,ajewerfx@yahoo.co.jp,Male
575,Sonia,Clemendot,sclemendotfy@addtoany.com,Female
576,Winna,Evins,wevinsfz@qq.com,Female
577,Margaretha,Heinl,mheinlg0@yale.edu,Female
578,Marshall,Perrone,mperroneg1@thetimes.co.uk,Male
579,Siana,Danett,sdanettg2@unesco.org,Female
580,Tomasine,Juara,tjuarag3@hp.com,Female
581,Elias,Tordiffe,etordiffeg4@goodreads.com,Male
582,Constance,Knoller,cknollerg5@icio.us,Female
583,Olenolin,Sprowson,osprowsong6@smugmug.com,Male
584,Humberto,Stevings,hstevingsg7@histats.com,Male
585,Natassia,Antic,nanticg8@xrea.com,Female
586,Timothea,Boggas,tboggasg9@wikipedia.org,Female
587,Simone,Lancett,slancettga@xinhuanet.com,Female
588,Fulton,Riediger,friedigergb@theglobeandmail.com,Male
589,Vick,Grimditch,vgrimditchgc@elpais.com,Male
590,Sandro,Kennagh,skennaghgd@bluehost.com,Male
591,Nalani,McBrearty,nmcbreartyge@goo.ne.jp,Female
592,Oralla,Immins,oimminsgf@sun.com,Female
593,Ezechiel,Milley,emilleygg@theglobeandmail.com,Male
594,Clementius,Alebrooke,calebrookegh@netscape.com,Male
595,Gabriella,Hurn,ghurngi@biglobe.ne.jp,Female
596,Arlan,Killock,akillockgj@unesco.org,Male
597,Guillaume,Nerne,gnernegk@hud.gov,Male
598,Tobye,Giovani,tgiovanigl@forbes.com,Female
599,Emilie,Middlemist,emiddlemistgm@istockphoto.com,Female
600,Gabbi,Kynd,gkyndgn@phoca.cz,Female
601,Meryl,Holah,mholahgo@slideshare.net,Male
602,Stewart,Jearum,sjearumgp@cbc.ca,Male
603,Candida,Scamerdine,cscamerdinegq@indiatimes.com,Female
604,Milton,Kaley,mkaleygr@mediafire.com,Male
605,Chrissy,Marrion,cmarriongs@dot.gov,Male
606,Halli,Biggadyke,hbiggadykegt@tripod.com,Female
607,Briny,Clarkson,bclarksongu@psu.edu,Female
608,Estella,Calafato,ecalafatogv@tuttocitta.it,Female
609,Jervis,Raithbie,jraithbiegw@com.com,Male
610,Myer,Auston,maustongx@networkadvertising.org,Male
611,Robin,Laurent,rlaurentgy@blogspot.com,Female
612,Nadiya,Comazzo,ncomazzogz@upenn.edu,Female
613,Hillier,Rugge,hruggeh0@vimeo.com,Male
614,Terrie,Ronald,tronaldh1@wisc.edu,Female
615,Sergent,Grigoliis,sgrigoliish2@reference.com,Male
616,Lindsey,Probbin,lprobbinh3@auda.org.au,Female
617,Roshelle,Fedorski,rfedorskih4@miibeian.gov.cn,Female
618,Kirby,Noakes,knoakesh5@narod.ru,Female
619,Mollie,Denisyuk,mdenisyukh6@forbes.com,Female
620,Ebeneser,Dungay,edungayh7@drupal.org,Male
621,Demetra,O'Neary,donearyh8@wordpress.org,Female
622,Arther,Weems,aweemsh9@mediafire.com,Male
623,Ethel,Bulloch,ebullochha@nifty.com,Female
624,Jules,Phizacklea,jphizackleahb@jugem.jp,Male
625,Diane-marie,Antusch,dantuschhc@alibaba.com,Female
626,Doretta,Valentinetti,dvalentinettihd@mayoclinic.com,Female
627,Victoria,Garaway,vgarawayhe@gmpg.org,Female
628,Micky,Pawden,mpawdenhf@wisc.edu,Male
629,Anders,Vickars,avickarshg@bizjournals.com,Male
630,Aileen,Newling,anewlinghh@latimes.com,Female
631,Letta,Sappson,lsappsonhi@myspace.com,Female
632,Dorian,Chinnery,dchinneryhj@mozilla.org,Male
633,Odell,Fotherby,ofotherbyhk@hibu.com,Male
634,Darb,Garric,dgarrichl@arstechnica.com,Female
635,Evangeline,Burry,eburryhm@ox.ac.uk,Female
636,Ingunna,Brosenius,ibroseniushn@php.net,Female
637,Nancee,Rayner,nraynerho@shutterfly.com,Female
638,Theodoric,Keasey,tkeaseyhp@google.es,Male
639,Frannie,Mosdell,fmosdellhq@bizjournals.com,Female
640,Annabal,Mallia,amalliahr@omniture.com,Female
641,Emmalyn,Friedman,efriedmanhs@t-online.de,Female
642,Kirstyn,Bransom,kbransomht@gmpg.org,Female
643,Alfreda,McSaul,amcsaulhu@newyorker.com,Female
644,Rosanna,Chat,rchathv@newsvine.com,Female
645,Meredith,Quarrie,mquarriehw@webnode.com,Male
646,Lona,Cawker,lcawkerhx@blog.com,Female
647,Benedikta,Tustin,btustinhy@mediafire.com,Female
648,Charline,Clere,cclerehz@miitbeian.gov.cn,Female
649,Alberik,Colyer,acolyeri0@nydailynews.com,Male
650,Xymenes,Eighteen,xeighteeni1@flavors.me,Male
651,Yurik,Vise,yvisei2@nymag.com,Male
652,Kalila,Dalziell,kdalzielli3@cisco.com,Female
653,Sal,Beard,sbeardi4@istockphoto.com,Female
654,Hulda,Brimilcome,hbrimilcomei5@sakura.ne.jp,Female
655,Lon,Harsent,lharsenti6@cdbaby.com,Male
656,Gypsy,Allbones,gallbonesi7@jalbum.net,Female
657,Reinaldos,McElory,rmceloryi8@digg.com,Male
658,Mateo,Finnes,mfinnesi9@time.com,Male
659,Meg,McKeating,mmckeatingia@i2i.jp,Female
660,Cassaundra,Inde,cindeib@vk.com,Female
661,Orv,Fodden,ofoddenic@wikia.com,Male
662,Aeriela,Cafferky,acafferkyid@eventbrite.com,Female
663,Margret,Berkley,mberkleyie@topsy.com,Female
664,Mandie,Wrack,mwrackif@psu.edu,Female
665,Rosalind,Lawler,rlawlerig@over-blog.com,Female
666,Liam,Acuna,lacunaih@wired.com,Male
667,Silvanus,Tabord,stabordii@joomla.org,Male
668,Peirce,Raffeorty,praffeortyij@nasa.gov,Male
669,Clara,Shurmore,cshurmoreik@pbs.org,Female
670,Trey,Eager,teageril@tmall.com,Male
671,Rich,Josephi,rjosephiim@privacy.gov.au,Male
672,Olav,Levine,olevinein@springer.com,Male
673,Merrile,de Banke,mdebankeio@yandex.ru,Female
674,Kalie,Gibbie,kgibbieip@mtv.com,Female
675,Esme,Dresche,edrescheiq@marriott.com,Male
676,Ilysa,Youngman,iyoungmanir@naver.com,Female
677,Laurence,Matteoni,lmatteoniis@cnet.com,Male
678,Fredek,Dri,fdriit@webeden.co.uk,Male
679,Tory,Bignal,tbignaliu@canalblog.com,Female
680,Drusy,Marland,dmarlandiv@redcross.org,Female
681,Erick,Lynam,elynamiw@ehow.com,Male
682,Englebert,Simonnet,esimonnetix@csmonitor.com,Male
683,Corette,Phillput,cphillputiy@businessinsider.com,Female
684,Emmott,McKall,emckalliz@ca.gov,Male
685,Veronica,Bidewell,vbidewellj0@nih.gov,Female
686,Addie,O'Currine,aocurrinej1@dmoz.org,Female
687,Sax,Fehely,sfehelyj2@ibm.com,Male
688,Fredericka,Rapley,frapleyj3@marriott.com,Female
689,Wilt,Pilling,wpillingj4@vistaprint.com,Male
690,Sloan,Shovlin,sshovlinj5@oracle.com,Male
691,Damien,Turl,dturlj6@is.gd,Male
692,Genia,Sarch,gsarchj7@bluehost.com,Female
693,Tony,Fishley,tfishleyj8@columbia.edu,Female
694,Wenona,Meller,wmellerj9@cpanel.net,Female
695,Kass,Luther,klutherja@icq.com,Female
696,Rhett,Prinnett,rprinnettjb@lulu.com,Male
697,Denver,Charity,dcharityjc@ifeng.com,Male
698,Ev,Giacopelo,egiacopelojd@google.ru,Male
699,Farah,Coughan,fcoughanje@illinois.edu,Female
700,Lottie,Vasiliev,lvasilievjf@sohu.com,Female
701,Conn,Aujouanet,caujouanetjg@narod.ru,Male
702,June,Keasy,jkeasyjh@prlog.org,Female
703,Crawford,Byre,cbyreji@cbsnews.com,Male
704,Harriette,Pardi,hpardijj@cloudflare.com,Female
705,Hermy,Tomczykiewicz,htomczykiewiczjk@example.com,Male
706,Keefer,Woodyeare,kwoodyearejl@blogtalkradio.com,Male
707,Rozamond,Shevelin,rshevelinjm@cbslocal.com,Female
708,Slade,Dutchburn,sdutchburnjn@quantcast.com,Male
709,Clayborne,Harcase,charcasejo@intel.com,Male
710,Wheeler,Piscopello,wpiscopellojp@sciencedirect.com,Male
711,Danila,Ephgrave,dephgravejq@soundcloud.com,Female
712,Dicky,Conen,dconenjr@yellowpages.com,Male
713,Jonell,Dearlove,jdearlovejs@addtoany.com,Female
714,Yehudi,Kershow,ykershowjt@shareasale.com,Male
715,Peyter,Williamson,pwilliamsonju@wordpress.com,Male
716,Emmanuel,Paslow,epaslowjv@redcross.org,Male
717,Lula,Matuszewski,lmatuszewskijw@livejournal.com,Female
718,Sanford,Hadwen,shadwenjx@smugmug.com,Male
719,Emmalynn,Cromly,ecromlyjy@gnu.org,Female
720,Bent,Kime,bkimejz@fastcompany.com,Male
721,Wat,Stollsteiner,wstollsteinerk0@tinypic.com,Male
722,Brennan,McIlheran,bmcilherank1@dion.ne.jp,Male
723,Candide,Acum,cacumk2@paypal.com,Female
724,Andra,McSparran,amcsparrank3@bloomberg.com,Female
725,Gibbie,Doiley,gdoileyk4@vk.com,Male
726,Marja,Hayball,mhayballk5@wikipedia.org,Female
727,Alon,Morando,amorandok6@reference.com,Male
728,Ambrosius,Volkers,avolkersk7@salon.com,Male
729,Poppy,Demschke,pdemschkek8@soup.io,Female
730,Viviyan,Tivnan,vtivnank9@ucsd.edu,Female
731,Any,Cartlidge,acartlidgeka@arizona.edu,Male
732,Trev,Stonard,tstonardkb@youku.com,Male
733,Analiese,Chaplyn,achaplynkc@examiner.com,Female
734,Benita,Milmith,bmilmithkd@auda.org.au,Female
735,Fleming,Gavriel,fgavrielke@soup.io,Male
736,Kippy,Loos,klooskf@businessinsider.com,Female
737,Kingston,Harlock,kharlockkg@ihg.com,Male
738,Boyd,Cases,bcaseskh@list-manage.com,Male
739,Reginald,Hollyer,rhollyerki@godaddy.com,Male
740,Erek,Collocott,ecollocottkj@theatlantic.com,Male
741,Nathanil,Gerritzen,ngerritzenkk@tuttocitta.it,Male
742,Gabby,Fieldsend,gfieldsendkl@theatlantic.com,Male
743,Mathian,Ridger,mridgerkm@state.gov,Male
744,Claudetta,Bedow,cbedowkn@amazon.co.jp,Female
745,Rianon,Kingsworth,rkingsworthko@yolasite.com,Female
746,Melesa,Rourke,mrourkekp@dailymail.co.uk,Female
747,Darda,Azema,dazemakq@squarespace.com,Female
748,Glenna,Whild,gwhildkr@tiny.cc,Female
749,Cly,Penhalewick,cpenhalewickks@guardian.co.uk,Male
750,Danit,Sands,dsandskt@redcross.org,Female
751,Trenna,Morfell,tmorfellku@csmonitor.com,Female
752,Bridie,Eglese,beglesekv@china.com.cn,Female
753,Coriss,Terrey,cterreykw@wired.com,Female
754,Carlynne,Obal,cobalkx@tiny.cc,Female
755,Caryn,Foan,cfoanky@cpanel.net,Female
756,Shelley,Ingleston,singlestonkz@parallels.com,Male
757,Caresa,Nitto,cnittol0@ebay.co.uk,Female
758,Katti,Kelloway,kkellowayl1@huffingtonpost.com,Female
759,Garey,Huguenet,ghuguenetl2@google.it,Male
760,Basil,Sizey,bsizeyl3@sciencedaily.com,Male
761,Dante,Rolfe,drolfel4@cbsnews.com,Male
762,Vinny,Boich,vboichl5@yellowpages.com,Male
763,Danie,Chesworth,dchesworthl6@spiegel.de,Male
764,Leontyne,Dodamead,ldodameadl7@unesco.org,Female
765,Arley,Lammerts,alammertsl8@creativecommons.org,Male
766,Alphard,Kivelhan,akivelhanl9@mozilla.org,Male
767,Obadiah,Dwelley,odwelleyla@pcworld.com,Male
768,Matilda,Crockley,mcrockleylb@salon.com,Female
769,Maxi,Rikel,mrikellc@prweb.com,Female
770,Shea,Treeby,streebyld@techcrunch.com,Male
771,Gertrudis,Baldwin,gbaldwinle@yellowbook.com,Female
772,Bearnard,Watkinson,bwatkinsonlf@mit.edu,Male
773,Shell,Seabrook,sseabrooklg@cdc.gov,Female
774,Levy,Nash,lnashlh@boston.com,Male
775,Morgana,Capewell,mcapewellli@xrea.com,Female
776,Sylvan,Pougher,spougherlj@aboutads.info,Male
777,Lin,Leither,lleitherlk@google.com.au,Male
778,Herbert,Batham,hbathamll@cisco.com,Male
779,Dwain,Millier,dmillierlm@ameblo.jp,Male
780,Bancroft,Frensche,bfrenscheln@printfriendly.com,Male
781,Rex,Kittiman,rkittimanlo@si.edu,Male
782,Randall,Bradbury,rbradburylp@mac.com,Male
783,Boote,Broad,bbroadlq@google.com.au,Male
784,Rebe,De Gregorio,rdegregoriolr@themeforest.net,Female
785,Joletta,Kornousek,jkornousekls@ning.com,Female
786,Raul,Smalecombe,rsmalecombelt@shareasale.com,Male
787,Gabriell,Carcas,gcarcaslu@cpanel.net,Female
788,Emmet,Shasnan,eshasnanlv@princeton.edu,Male
789,Harper,Pickerin,hpickerinlw@sitemeter.com,Male
790,Abbe,Chopping,achoppinglx@tripadvisor.com,Female
791,Sterling,Goeff,sgoeffly@cdc.gov,Male
792,Mada,Jakobssen,mjakobssenlz@php.net,Female
793,Torrin,Brachell,tbrachellm0@csmonitor.com,Male
794,Lilli,Scrimshire,lscrimshirem1@state.gov,Female
795,Rand,Fremantle,rfremantlem2@spotify.com,Male
796,Lynelle,Shimmans,lshimmansm3@utexas.edu,Female
797,Madelena,Myhill,mmyhillm4@cbc.ca,Female
798,Debbi,Huncoot,dhuncootm5@springer.com,Female
799,Ania,Freyn,afreynm6@google.de,Female
800,Donica,Episcopi,depiscopim7@ezinearticles.com,Female
801,Jacquenette,Truter,jtruterm8@sciencedaily.com,Female
802,Ellery,Piggins,epigginsm9@printfriendly.com,Male
803,Hersh,Kobiera,hkobierama@mapquest.com,Male
804,Rafe,Lazell,rlazellmb@slashdot.org,Male
805,Alicea,Whelpdale,awhelpdalemc@redcross.org,Female
806,Granger,Tearle,gtearlemd@mlb.com,Male
807,Putnem,Tooby,ptoobyme@samsung.com,Male
808,Gilligan,Malcolm,gmalcolmmf@marketwatch.com,Female
809,Ambrosius,Scherer,ascherermg@acquirethisname.com,Male
810,Silvanus,Caughey,scaugheymh@nationalgeographic.com,Male
811,Zechariah,Barbrook,zbarbrookmi@economist.com,Male
812,Marlane,McNellis,mmcnellismj@youku.com,Female
813,Kettie,Dennerley,kdennerleymk@homestead.com,Female
814,Demetris,Torald,dtoraldml@eventbrite.com,Male
815,Gregor,de Courcy,gdecourcymm@reuters.com,Male
816,Darelle,Spadelli,dspadellimn@netscape.com,Female
817,Anita,Wharin,awharinmo@google.nl,Female
818,Staci,Meegin,smeeginmp@naver.com,Female
819,Tymon,Bassham,tbasshammq@unblog.fr,Male
820,Spence,Ankrett,sankrettmr@bbb.org,Male
821,Kaspar,Bande,kbandems@telegraph.co.uk,Male
822,Tani,Crufts,tcruftsmt@apple.com,Female
823,Aileen,Packwood,apackwoodmu@businessinsider.com,Female
824,Dougy,Lalevee,dlaleveemv@tripadvisor.com,Male
825,Cirillo,Ravillas,cravillasmw@g.co,Male
826,Anneliese,Grishanov,agrishanovmx@gmpg.org,Female
827,Andras,Conaghan,aconaghanmy@g.co,Male
828,Annamaria,Tassel,atasselmz@themeforest.net,Female
829,Halimeda,Daber,hdabern0@lycos.com,Female
830,Marquita,Cordier,mcordiern1@mashable.com,Female
831,Ruddie,Heasley,rheasleyn2@alibaba.com,Male
832,Verene,Petschel,vpetscheln3@pagesperso-orange.fr,Female
833,Abigale,Tettersell,atetterselln4@parallels.com,Female
834,Antonio,Colleymore,acolleymoren5@patch.com,Male
835,Neale,Bridgement,nbridgementn6@buzzfeed.com,Male
836,Jarrid,Auguste,jaugusten7@omniture.com,Male
837,Peder,Lagden,plagdenn8@studiopress.com,Male
838,Ritchie,Middas,rmiddasn9@google.com.hk,Male
839,Elsie,Shimmans,eshimmansna@multiply.com,Female
840,Dalila,Jopp,djoppnb@dropbox.com,Female
841,Nikola,Strang,nstrangnc@linkedin.com,Male
842,Marinna,Subhan,msubhannd@xrea.com,Female
843,Clair,Antyshev,cantyshevne@fc2.com,Female
844,Glennie,Betteney,gbetteneynf@slate.com,Female
845,Maggy,Peeter,mpeeterng@webnode.com,Female
846,Denver,Pikesley,dpikesleynh@shinystat.com,Male
847,Saleem,Sleeny,ssleenyni@dion.ne.jp,Male
848,Felicle,Grishukov,fgrishukovnj@wikimedia.org,Female
849,Niki,Guye,nguyenk@princeton.edu,Female
850,Arline,Posselt,aposseltnl@domainmarket.com,Female
851,Creight,Rothery,crotherynm@bigcartel.com,Male
852,Clayton,Pigney,cpigneynn@sitemeter.com,Male
853,Alvin,Blaasch,ablaaschno@squarespace.com,Male
854,Jordan,Charnick,jcharnicknp@hubpages.com,Male
855,Bjorn,Symcox,bsymcoxnq@naver.com,Male
856,Karney,Guidotti,kguidottinr@goodreads.com,Male
857,Spence,Eales,sealesns@tuttocitta.it,Male
858,Ramona,Trett,rtrettnt@google.com.hk,Female
859,Lusa,Bossons,lbossonsnu@newsvine.com,Female
860,Druci,Christin,dchristinnv@qq.com,Female
861,Niel,Aaron,naaronnw@behance.net,Male
862,Emmott,Maleby,emalebynx@hud.gov,Male
863,Jaye,Brear,jbrearny@deliciousdays.com,Male
864,Miriam,Badman,mbadmannz@tumblr.com,Female
865,Heath,Bernardet,hbernardeto0@salon.com,Female
866,Artemas,Goymer,agoymero1@shop-pro.jp,Male
867,Hillard,Brabender,hbrabendero2@archive.org,Male
868,Ilyse,Cutcliffe,icutcliffeo3@toplist.cz,Female
869,Chase,Playfair,cplayfairo4@meetup.com,Male
870,Kristoffer,Spowage,kspowageo5@tripadvisor.com,Male
871,Annabel,Lukacs,alukacso6@google.ca,Female
872,Chane,Creswell,ccreswello7@angelfire.com,Male
873,Wandie,Sapseed,wsapseedo8@apple.com,Female
874,Nanine,Wyldbore,nwyldboreo9@ox.ac.uk,Female
875,Stormie,Mallaby,smallabyoa@printfriendly.com,Female
876,Clementina,O'Dyvoy,codyvoyob@bloglines.com,Female
877,Kimberlyn,Bedome,kbedomeoc@spiegel.de,Female
878,Syman,Newling,snewlingod@altervista.org,Male
879,Aguistin,Marchent,amarchentoe@upenn.edu,Male
880,Natasha,Erb,nerbof@state.tx.us,Female
881,Englebert,Edmundson,eedmundsonog@indiatimes.com,Male
882,Adiana,Maith,amaithoh@bandcamp.com,Female
883,Niel,Maple,nmapleoi@ca.gov,Male
884,Tremaine,Sheepy,tsheepyoj@timesonline.co.uk,Male
885,Richardo,Roloff,rroloffok@t.co,Male
886,Hamilton,Sabate,hsabateol@telegraph.co.uk,Male
887,Jodee,Cornford,jcornfordom@japanpost.jp,Female
888,Karlens,Stive,kstiveon@hhs.gov,Male
889,Nikolas,Kiddell,nkiddelloo@scribd.com,Male
890,Vin,Norewood,vnorewoodop@squarespace.com,Male
891,Burke,Conquest,bconquestoq@globo.com,Male
892,Payton,Roblin,problinor@loc.gov,Male
893,Bobby,Clohissy,bclohissyos@dion.ne.jp,Male
894,Raynard,Showering,rshoweringot@histats.com,Male
895,Elaine,O'Teague,eoteagueou@ft.com,Female
896,Dorian,Matijevic,dmatijevicov@sciencedaily.com,Female
897,Chas,Redwood,credwoodow@wsj.com,Male
898,Reinaldo,Spight,rspightox@tinypic.com,Male
899,Karleen,Colles,kcollesoy@forbes.com,Female
900,Pepi,Lazar,plazaroz@godaddy.com,Female
901,Raimund,Ellerton,rellertonp0@mlb.com,Male
902,Lilias,Hapke,lhapkep1@time.com,Female
903,Helga,Braden,hbradenp2@ow.ly,Female
904,Tymothy,Cotillard,tcotillardp3@1688.com,Male
905,Chandal,Benny,cbennyp4@photobucket.com,Female
906,Romain,Clegg,rcleggp5@nymag.com,Male
907,Consalve,Bosket,cbosketp6@harvard.edu,Male
908,Kenna,Lapre,klaprep7@soundcloud.com,Female
909,Anne,Algie,aalgiep8@skyrock.com,Female
910,Lissy,Elnor,lelnorp9@spotify.com,Female
911,Ancell,Heyworth,aheyworthpa@admin.ch,Male
912,Lauren,Greenall,lgreenallpb@java.com,Male
913,Kendra,Sahnow,ksahnowpc@com.com,Female
914,Merrielle,Jime,mjimepd@stumbleupon.com,Female
915,Katee,De Bischop,kdebischoppe@webnode.com,Female
916,Arabella,Acton,aactonpf@nsw.gov.au,Female
917,Jordan,Lillow,jlillowpg@xing.com,Female
918,Reece,Brockhouse,rbrockhouseph@ucoz.com,Male
919,Daryl,Camell,dcamellpi@issuu.com,Male
920,Kiley,Hewkin,khewkinpj@who.int,Female
921,Allyn,Blasli,ablaslipk@people.com.cn,Male
922,Mercedes,Bland,mblandpl@webnode.com,Female
923,Arda,Vandenhoff,avandenhoffpm@huffingtonpost.com,Female
924,Parrnell,Oates,poatespn@businessinsider.com,Male
925,Hanan,Duggen,hduggenpo@phoca.cz,Male
926,Shalom,MacAirt,smacairtpp@blog.com,Male
927,Joanna,Aubry,jaubrypq@wp.com,Female
928,Olly,Sandyfirth,osandyfirthpr@cbc.ca,Male
929,Daile,Onyon,donyonps@timesonline.co.uk,Female
930,Flory,Bault,fbaultpt@feedburner.com,Male
931,Dani,Foxton,dfoxtonpu@furl.net,Female
932,Mathilda,Muat,mmuatpv@1688.com,Female
933,Sara-ann,Harmeston,sharmestonpw@csmonitor.com,Female
934,Ignazio,Sibbald,isibbaldpx@amazon.co.jp,Male
935,Neal,Birch,nbirchpy@vkontakte.ru,Male
936,Emmerich,Buesden,ebuesdenpz@gravatar.com,Male
937,Phip,Scrivner,pscrivnerq0@sohu.com,Male
938,Gustavo,Hiley,ghileyq1@prlog.org,Male
939,Scotti,Pridding,spriddingq2@twitter.com,Male
940,Decca,Corryer,dcorryerq3@macromedia.com,Male
941,Karee,Lamont,klamontq4@newsvine.com,Female
942,Hillary,Gilardengo,hgilardengoq5@sogou.com,Female
943,Rennie,Jelkes,rjelkesq6@github.com,Female
944,Fedora,Derington,fderingtonq7@diigo.com,Female
945,Ad,MacCaughan,amaccaughanq8@apache.org,Male
946,Anissa,McKeady,amckeadyq9@house.gov,Female
947,Trina,Grenkov,tgrenkovqa@1und1.de,Female
948,Frasquito,Limbourne,flimbourneqb@oaic.gov.au,Male
949,Cthrine,Wolton,cwoltonqc@mapquest.com,Female
950,Jamey,Pagin,jpaginqd@bigcartel.com,Male
951,Gwyneth,Crehan,gcrehanqe@a8.net,Female
952,Pollyanna,Apfel,papfelqf@sina.com.cn,Female
953,Titos,Lamborn,tlambornqg@goo.ne.jp,Male
954,Valentino,Abbets,vabbetsqh@1und1.de,Male
955,Ardenia,Warfield,awarfieldqi@woothemes.com,Female
956,Meggy,Havock,mhavockqj@opensource.org,Female
957,Amber,Bridgeman,abridgemanqk@ning.com,Female
958,Renae,Boulton,rboultonql@php.net,Female
959,Sollie,Sansom,ssansomqm@mail.ru,Male
960,Bernardo,Croote,bcrooteqn@diigo.com,Male
961,Alphonse,Horsfield,ahorsfieldqo@51.la,Male
962,Myrvyn,Grivori,mgrivoriqp@prnewswire.com,Male
963,Syd,Osbourn,sosbournqq@loc.gov,Male
964,Armando,Mccaull,amccaullqr@purevolume.com,Male
965,Ilyssa,Pietz,ipietzqs@globo.com,Female
966,Mike,Folliott,mfolliottqt@netlog.com,Male
967,Samaria,Langham,slanghamqu@icq.com,Female
968,Rena,Piggin,rpigginqv@cdbaby.com,Female
969,Jereme,Spedroni,jspedroniqw@vk.com,Male
970,Chantalle,Danihelka,cdanihelkaqx@engadget.com,Female
971,Isidoro,Cotterrill,icotterrillqy@ocn.ne.jp,Male
972,Ethelred,Enrico,eenricoqz@accuweather.com,Male
973,Rik,Innman,rinnmanr0@hp.com,Male
974,Inga,Marran,imarranr1@ibm.com,Female
975,Stormy,Cronchey,scroncheyr2@indiatimes.com,Female
976,Sheena,Soutter,ssoutterr3@oracle.com,Female
977,Pearline,Padginton,ppadgintonr4@canalblog.com,Female
978,Grayce,Paulus,gpaulusr5@hibu.com,Female
979,Alberik,Hlavecek,ahlavecekr6@psu.edu,Male
980,Kasey,Strewther,kstrewtherr7@sciencedaily.com,Female
981,Trever,Dunphy,tdunphyr8@hatena.ne.jp,Male
982,Ruddie,Rosevear,rrosevearr9@narod.ru,Male
983,Hogan,Trimmell,htrimmellra@dell.com,Male
984,Arvie,Bohan,abohanrb@mysql.com,Male
985,Kelly,Knoles,kknolesrc@cdc.gov,Male
986,Lovell,Sine,lsinerd@ebay.co.uk,Male
987,Lalo,Folshom,lfolshomre@delicious.com,Male
988,Ottilie,Marple,omarplerf@amazon.de,Female
989,Paxton,Van den Broek,pvandenbroekrg@virginia.edu,Male
990,Phil,Huguet,phuguetrh@simplemachines.org,Male
991,Meredithe,Macveigh,mmacveighri@ucoz.com,Female
992,Debera,Borman,dbormanrj@wix.com,Female
993,Jedediah,Seage,jseagerk@joomla.org,Male
994,Alameda,Simanek,asimanekrl@ovh.net,Female
995,Chelsea,Kelshaw,ckelshawrm@istockphoto.com,Female
996,Donaugh,Limpenny,dlimpennyrn@jigsy.com,Male
997,Torry,Baccus,tbaccusro@prnewswire.com,Male
998,Yancey,Baldoni,ybaldonirp@trellian.com,Male
999,Betsey,Heijnen,bheijnenrq@google.com.hk,Female
1000,Diane,Paolino,dpaolinorr@meetup.com,Female
